{"paths": {"admin/js/vendor/jquery/jquery.js": "admin\\js\\vendor\\jquery\\jquery.aacc43d6f308.js", "admin/js/vendor/jquery/jquery.min.js": "admin\\js\\vendor\\jquery\\jquery.min.33cabfa15c10.js", "admin/js/vendor/jquery/LICENSE-JQUERY.txt": "admin\\js\\vendor\\jquery\\LICENSE-JQUERY.a158210a2737.txt", "admin/js/vendor/xregexp/LICENSE-XREGEXP.txt": "admin\\js\\vendor\\xregexp\\LICENSE-XREGEXP.d64cecf4f157.txt", "admin/js/vendor/xregexp/xregexp.js": "admin\\js\\vendor\\xregexp\\xregexp.1865b1cf5085.js", "admin/js/vendor/xregexp/xregexp.min.js": "admin\\js\\vendor\\xregexp\\xregexp.min.c95393b8ca4d.js", "admin/img/gis/move_vertex_off.svg": "admin\\img\\gis\\move_vertex_off.7a23bf31ef8a.svg", "admin/img/gis/move_vertex_on.svg": "admin\\img\\gis\\move_vertex_on.0047eba25b67.svg", "admin/js/admin/DateTimeShortcuts.js": "admin\\js\\admin\\DateTimeShortcuts.1536fb6bea1d.js", "admin/js/admin/RelatedObjectLookups.js": "admin\\js\\admin\\RelatedObjectLookups.d2bdb1018963.js", "admin/css/base.css": "admin/css/base.6b517d0d5813.css", "admin/css/changelists.css": "admin/css/changelists.f6dc691f8d62.css", "admin/css/dashboard.css": "admin/css/dashboard.7ac78187c567.css", "admin/css/fonts.css": "admin/css/fonts.494e4ec545c9.css", "admin/css/forms.css": "admin/css/forms.2003a066ae02.css", "admin/css/login.css": "admin/css/login.a846c0e2ef65.css", "admin/css/rtl.css": "admin/css/rtl.4c867197b256.css", "admin/css/widgets.css": "admin/css/widgets.5e372b41c483.css", "admin/fonts/LICENSE.txt": "admin\\fonts\\LICENSE.d273d63619c9.txt", "admin/fonts/README.txt": "admin\\fonts\\README.2c3d0bcdede2.txt", "admin/fonts/Roboto-Bold-webfont.woff": "admin\\fonts\\Roboto-Bold-webfont.2ad99072841e.woff", "admin/fonts/Roboto-Light-webfont.woff": "admin\\fonts\\Roboto-Light-webfont.b446c2399bb6.woff", "admin/fonts/Roboto-Regular-webfont.woff": "admin\\fonts\\Roboto-Regular-webfont.ec39515ae8c6.woff", "admin/img/calendar-icons.svg": "admin\\img\\calendar-icons.39b290681a8b.svg", "admin/img/icon-addlink.svg": "admin\\img\\icon-addlink.d519b3bab011.svg", "admin/img/icon-alert.svg": "admin\\img\\icon-alert.034cc7d8a67f.svg", "admin/img/icon-calendar.svg": "admin\\img\\icon-calendar.ac7aea671bea.svg", "admin/img/icon-changelink.svg": "admin\\img\\icon-changelink.18d2fd706348.svg", "admin/img/icon-clock.svg": "admin\\img\\icon-clock.e1d4dfac3f2b.svg", "admin/img/icon-deletelink.svg": "admin\\img\\icon-deletelink.564ef9dc3854.svg", "admin/img/icon-no.svg": "admin\\img\\icon-no.439e821418cd.svg", "admin/img/icon-unknown-alt.svg": "admin\\img\\icon-unknown-alt.81536e128bb6.svg", "admin/img/icon-unknown.svg": "admin\\img\\icon-unknown.a18cb4398978.svg", "admin/img/icon-yes.svg": "admin\\img\\icon-yes.d2f9f035226a.svg", "admin/img/inline-delete.svg": "admin\\img\\inline-delete.fec1b761f254.svg", "admin/img/LICENSE": "admin\\img\\LICENSE.2c54f4e1ca1c", "admin/img/README.txt": "admin\\img\\README.837277fa1908.txt", "admin/img/search.svg": "admin\\img\\search.7cf54ff789c6.svg", "admin/img/selector-icons.svg": "admin\\img\\selector-icons.b4555096cea2.svg", "admin/img/sorting-icons.svg": "admin\\img\\sorting-icons.3a097b59f104.svg", "admin/img/tooltag-add.svg": "admin\\img\\tooltag-add.e59d620a9742.svg", "admin/img/tooltag-arrowright.svg": "admin\\img\\tooltag-arrowright.bbfb788a849e.svg", "admin/js/actions.js": "admin\\js\\actions.32861b6cbdf9.js", "admin/js/actions.min.js": "admin\\js\\actions.min.f51f04edab28.js", "admin/js/calendar.js": "admin\\js\\calendar.9ac94d055fbd.js", "admin/js/cancel.js": "admin\\js\\cancel.1d69cba4b4bf.js", "admin/js/change_form.js": "admin\\js\\change_form.9e85003a1a38.js", "admin/js/collapse.js": "admin\\js\\collapse.17d715df2104.js", "admin/js/collapse.min.js": "admin\\js\\collapse.min.dc930adb2821.js", "admin/js/core.js": "admin\\js\\core.fd861d43f0f5.js", "admin/js/inlines.js": "admin\\js\\inlines.eda404ee376d.js", "admin/js/inlines.min.js": "admin\\js\\inlines.min.d75b9ed03975.js", "admin/js/jquery.init.js": "admin\\js\\jquery.init.95b62fa19378.js", "admin/js/popup_response.js": "admin\\js\\popup_response.6ce3197f8fc8.js", "admin/js/prepopulate.js": "admin\\js\\prepopulate.ff9208865444.js", "admin/js/prepopulate.min.js": "admin\\js\\prepopulate.min.f4057ebb9b62.js", "admin/js/prepopulate_init.js": "admin\\js\\prepopulate_init.0d3b53c37074.js", "admin/js/SelectBox.js": "admin\\js\\SelectBox.b49f008d186b.js", "admin/js/SelectFilter2.js": "admin\\js\\SelectFilter2.17009b6d4428.js", "admin/js/timeparse.js": "admin\\js\\timeparse.51258861a46a.js", "admin/js/urlify.js": "admin\\js\\urlify.411bc3bb651c.js", "src/css/lightbox.css": "src/css/lightbox.48ba8c34ab90.css", "src/images/close.png": "src\\images\\close.d9d2d0b1308c.png", "src/images/loading.gif": "src\\images\\loading.2299ad0b3f63.gif", "src/images/next.png": "src\\images\\next.31f15875975a.png", "src/images/prev.png": "src\\images\\prev.84b76dee6b27.png", "src/js/lightbox.js": "src\\js\\lightbox.37a9630f16e6.js", "css/bootstrap.min.css": "css/bootstrap.min.74c8deecd6fd.css", "css/formTest.css": "css/formTest.f1fc7258054a.css", "css/ionicons.css": "css/ionicons.40fa6b0f442e.css", "css/ionicons.min.css": "css/ionicons.min.20a5c5d5cc8c.css", "css/main.css": "css/main.a3ddea3d076a.css", "css/one-page-style.css": "css/one-page-style.f99f408da153.css", "css/one-page.css": "css/one-page.e9e6709190ff.css", "css/order.css": "css/order.3bbb381cbab6.css", "css/owl.carousel.css": "css/owl.carousel.69e438d8aece.css", "css/owl.theme.css": "css/owl.theme.8c6d37547ed8.css", "css/portfolio.css": "css/portfolio.d41d8cd98f00.css", "css/products.css": "css/products.55db7fbb5cfb.css", "css/section.css": "css/section.948f4a089ee2.css", "css/sight.css": "css/sight.ecadc8f1ee6a.css", "css/story.css": "css/story.22ea7e7933d9.css", "fonts/ionicons.eot": "fonts/ionicons.2c2ae068be3b.eot", "fonts/ionicons.svg": "fonts/ionicons.621bd386841f.svg", "fonts/ionicons.ttf": "fonts/ionicons.24712f6c4782.ttf", "fonts/ionicons.woff": "fonts/ionicons.05acfdb568b3.woff", "images/about-1.png": "images/about-1.2e3de04356fa.png", "images/about-2.png": "images/about-2.f5b2a19167a5.png", "images/about.png": "images/about.14cb04a57220.png", "images/add-1.png": "images/add-1.a0700be448a6.png", "images/add-2.png": "images/add-2.129ba2429c99.png", "images/add-3.png": "images/add-3.dec467d628f0.png", "images/add-4.png": "images/add-4.28add112095d.png", "images/bleft.png": "images/bleft.bac2ea58b094.png", "images/bright.png": "images/bright.24f9c070815b.png", "images/contact.png": "images/contact.8b744cd94b2b.png", "images/header.png": "images/header.f4c9801c555a.png", "images/header2.png": "images/header2.29ebcdbe2a5d.png", "images/hover-btn.png": "images/hover-btn.3a45b0dc789d.png", "images/hover.png": "images/hover.19af19066f7a.png", "images/left.png": "images/left.67331e51ef47.png", "images/multipage-header.png": "images/multipage-header.f4c9801c555a.png", "images/plus.png": "images/plus.f73c4132b864.png", "images/port-1.png": "images/port-1.d13e12f28424.png", "images/port-2.png": "images/port-2.4801905e8fdd.png", "images/port-3.png": "images/port-3.e938e2d9fede.png", "images/port-4.png": "images/port-4.ef19e36b0c3f.png", "images/port-5.png": "images/port-5.b4fdee7a2475.png", "images/port-6.png": "images/port-6.efadda0974ce.png", "images/portfolio.png": "images/portfolio.e3b58344741d.png", "images/right.png": "images/right.516207ce4193.png", "images/service.png": "images/service.aae0f9230759.png", "images/services.png": "images/services.0835fd66c0a0.png", "images/showcase.png": "images/showcase.cfdf51dda22d.png", "images/sight-1.png": "images/sight-1.3264e1b2eeca.png", "images/sight-2.png": "images/sight-2.da8dfc3d7c1f.png", "images/team-1.png": "images/team-1.53d48830f54d.png", "images/team-2.png": "images/team-2.358870723222.png", "images/team-3.png": "images/team-3.1d14861a68bf.png", "images/team-4.png": "images/team-4.3da565886691.png", "images/team-5.png": "images/team-5.eb03d325c8fd.png", "images/team-6.png": "images/team-6.19d3a1f77dd0.png", "images/team-7.png": "images/team-7.fdeeafd39412.png", "images/team-8.png": "images/team-8.ff9afc5a2982.png", "images/testimonial.png": "images/testimonial.7b54715e30cf.png", "images/Thumbs.db": "images/Thumbs.3d02cf0fc5eb.db", "js/bootstrap.min.js": "js/bootstrap.min.046ba2b5f4cf.js", "js/contact.js": "js/contact.e518604c697f.js", "js/formTest.js": "js/formTest.3bfe1357bf81.js", "js/jquery-1.11.2.min.js": "js/jquery-1.11.2.min.5790ead7ad3b.js", "js/owl.carousel.min.js": "js/owl.carousel.min.ffaa3c82ad2c.js", "js/script.js": "js/script.455b1e8f16fa.js", "js/smoothscroll.js": "js/smoothscroll.0b2a7551b434.js"}, "version": "1.0"}